﻿pos_x,pos_y,rotation,side,designator,mpn,pack,value,mount_type,place
134.37,-75.73,0.0,top,H1,,MountingHole_3.2mm_M3,M3,tht,True
163.53,-102.07,0.0,top,H2,,MountingHole_3.2mm_M3,M3,tht,True
147.82,-67.2,0.0,top,J1,,MemoryCardConnector,PSX Memory Card Interface,smt,True
151.672,-98.448,90.0,bottom,J2,,MicroSD_SPI_small,MicroSD SPI,smt,True
138.176,-88.27,90.0,bottom,SW1,,SW-SMD_4P-L5.1-W5.1-P3.70-LS6.5-TL-2,TS-1187A-B-A-B,smt,True
138.176,-98.86,90.0,bottom,SW2,,SW-SMD_4P-L5.1-W5.1-P3.70-LS6.5-TL-2,TS-1187A-B-A-B,smt,True
138.176,-109.22,90.0,bottom,SW3,,SW-SMD_4P-L5.1-W5.1-P3.70-LS6.5-TL-2,TS-1187A-B-A-B,smt,True
133.0,-88.5,0.0,top,TP1,,TestPoint_Pad_D2.0mm,GP23,tht,True
156.509,-84.7792,-90.0,top,U2,,MODULE_ADAFRUIT_QT_PY,ADAFRUIT_QT_PY,tht,True
